{
  "results": [
    {
      "command": "base (61428213e598d8236d73d501007e7d5f9aea57c8)",
      "mean": 634.9448975221601,
      "stddev": 12.32405420843455,
      "median": 637.77037637336,
      "user": 814.24212232,
      "system": 121.65090559999999,
      "min": 617.29642567436,
      "max": 650.45639934136,
      "times": [
        617.29642567436,
        637.77037637336,
        639.46035752336,
        629.74092869836,
        650.45639934136
      ],
      "exit_codes": [
        0,
        0,
        0,
        0,
        0
      ],
      "parameters": {
        "commit": "base"
      },
      "network": "mainnet-large"
    },
    {
      "command": "head (c5552a9144cb55dd1c74f896090ddf9ee3674215)",
      "mean": 650.7897488139599,
      "stddev": 4.359595524818315,
      "median": 652.4612346223599,
      "user": 830.9055277199999,
      "system": 120.89877219999998,
      "min": 643.44022050836,
      "max": 654.49167212236,
      "times": [
        643.44022050836,
        654.49167212236,
        653.11161906436,
        650.44399775236,
        652.4612346223599
      ],
      "exit_codes": [
        0,
        0,
        0,
        0,
        0
      ],
      "parameters": {
        "commit": "head"
      },
      "network": "mainnet-large"
    }
  ],
  "speedups": {
    "mainnet-large": "-2.5"
  }
}