{
  "results": [
    {
      "command": "base (0c47dab80516d4f7d7532514bd01636f7efb4e9d)",
      "mean": 615.80992039644,
      "stddev": 31.317141522307445,
      "median": 601.31697181064,
      "user": 754.00283278,
      "system": 125.74341596,
      "min": 595.28731657664,
      "max": 669.3611088006401,
      "times": [
        617.7741081356401,
        595.28731657664,
        595.3100966586401,
        601.31697181064,
        669.3611088006401
      ],
      "exit_codes": [
        0,
        0,
        0,
        0,
        0
      ],
      "parameters": {
        "commit": "base"
      },
      "network": "mainnet-large"
    },
    {
      "command": "head (66d56bdd01ca5cdb7566117479a90073adc848f2)",
      "mean": 603.93219110064,
      "stddev": 3.212095934327914,
      "median": 604.3544710306401,
      "user": 755.67761018,
      "system": 124.14374135999999,
      "min": 600.3250922276401,
      "max": 608.3242257456401,
      "times": [
        605.33633140964,
        601.32083508964,
        600.3250922276401,
        608.3242257456401,
        604.3544710306401
      ],
      "exit_codes": [
        0,
        0,
        0,
        0,
        0
      ],
      "parameters": {
        "commit": "head"
      },
      "network": "mainnet-large"
    }
  ],
  "speedups": {
    "mainnet-large": "1.9"
  }
}